geography,1666.218652
cscareerquestions,1665.443297
worldnews,1665.237976
nextfuckinglevel,1659.074485
Damnthatsinteresting,1658.91758
LifeProTips,1658.830163
AskHistorians,1654.215048
mildlyinteresting,1653.809306
PersonalFinanceCanada,1643.952036
news,1632.477354
learnprogramming,1630.863031
NoStupidQuestions,1624.610504
books,1622.943405
interestingasfuck,1621.682241
buildapc,1618.560734
BeAmazed,1618.428482
StableDiffusion,1612.312877
todayilearned,1610.675234
travel,1610.007426
3Dprinting,1607.762744
antiwork,1607.500536
personalfinance,1607.421517
cats,1606.457901
AskReddit,1605.860805
legaladvice,1604.989485
theydidthemath,1603.497055
jobs,1603.342787
politics,1602.260096
sysadmin,1600.27879
germany,1598.163102
coolguides,1596.250458
ukraine,1590.663122
marvelstudios,1589.736487
povertyfinance,1587.279886
Amd,1587.113547
techsupport,1584.630244
MapPorn,1584.138561
selfhosted,1583.077554
nottheonion,1581.56401
explainlikeimfive,1579.973216
europe,1575.9934
nvidia,1575.887483
homelab,1572.691539
TooAfraidToAsk,1569.339076
Frugal,1561.446808
ExplainTheJoke,1559.706396
AskMen,1558.550278
recruitinghell,1554.507139
wallstreetbets,1554.300166
KitchenConfidential,1551.752378
AskUK,1543.913387
PeterExplainsTheJoke,1542.484503
CasualUK,1535.127099
amiwrong,1534.658091
gamedev,1533.369209
Scams,1533.105638
college,1532.866832
CrazyFuckingVideos,1532.764206
pcgaming,1531.298808
soccer,1530.50923
OutOfTheLoop,1529.769719
Piracy,1529.270735
﻿Home,1527.432964
Philippines,1527.3515
television,1527.219113
malelivingspace,1525.941231
india,1525.883236
Games,1524.897175
technology,1521.162433
PiratedGames,1517.233352
unpopularopinion,1516.997003
Kanye,1516.682005
dndnext,1516.670966
australia,1516.437194
iphone,1514.963199
WhitePeopleTwitter,1514.705379
movies,1514.693375
DIY,1513.794491
AmItheAsshole,1513.043558
videos,1512.956032
AITAH,1512.824686
canada,1512.542731
Steam,1511.413018
ThatsInsane,1508.493141
TwoXChromosomes,1504.732288
magicTCG,1504.189754
nba,1501.952704
CombatFootage,1501.7694
discordapp,1501.014742
DnD,1500.736307
UkraineWarVideoReport,1500.288784
diablo4,1495.783032
relationship_advice,1489.626675
classicwow,1489.493884
wow,1489.46615
Cooking,1486.18532
TrueOffMyChest,1486.042415
pcmasterrace,1485.341046
nfl,1483.913351
teenagers,1483.440955
2007scape,1481.913605
formula1,1477.458434
ChatGPT,1476.921822
KidsAreFuckingStupid,1476.684073
CrackWatch,1476.444576
Eldenring,1476.326163
skyrimmods,1474.902522
tifu,1474.201155
Music,1473.205365
skyrim,1472.222944
apple,1472.033376
mildlyinfuriating,1471.793257
PS5,1471.517169
feedthebeast,1471.223407
SweatyPalms,1470.251698
RPClipsGTA,1470.11988
Helldivers,1469.469502
MadeMeSmile,1469.468484
BlackPeopleTwitter,1468.519966
cyberpunkgame,1467.020264
OldSchoolCool,1466.403076
VirtualYoutubers,1464.994929
SquaredCircle,1464.848893
Warframe,1464.724617
Destiny,1463.997882
SteamDeck,1463.975791
de,1463.813082
manga,1461.785505
tumblr,1461.308011
clevercomebacks,1460.777975
ProgrammerHumor,1460.528944
BestofRedditorUpdates,1460.469159
facepalm,1459.980839
entertainment,1459.193952
Truckers,1458.210853
GenZ,1458.010325
ImTheMainCharacter,1457.694939
OculusQuest,1456.863348
Weird,1456.396567
therewasanattempt,1456.043366
Asmongold,1455.893043
BoomersBeingFools,1455.537154
pics,1454.14527
HonkaiStarRail_leaks,1453.74005
gaming,1451.343177
SipsTea,1446.71471
VALORANT,1446.49411
EscapefromTarkov,1446.095096
HonkaiStarRail,1444.645081
Nijisanji,1443.545203
youtube,1442.860202
rareinsults,1440.887289
Tekken,1439.960807
pathofexile,1438.791755
memes,1438.342607
Animemes,1437.688091
snowboarding,1435.579805
Tinder,1435.218391
DotA2,1434.871025
Genshin_Impact,1433.245681
ffxiv,1433.100312
Palworld,1432.95878
PublicFreakout,1430.552984
Fauxmoi,1429.162488
meirl,1428.688921
pokemon,1428.210317
GlobalOffensive,1427.039545
BaldursGate3,1427.016675
CuratedTumblr,1426.890799
TikTokCringe,1426.027577
Warthunder,1425.592575
BG3Builds,1423.929959
Gamingcirclejerk,1423.301096
popculturechat,1422.477113
LivestreamFail,1421.452937
Twitch,1420.018814
Millennials,1417.849533
Genshin_Impact_Leaks,1417.419913
FortNiteBR,1417.248922
StardewValley,1415.368329
anime,1414.064176
OnePiece,1413.443364
apexlegends,1412.27508
badroommates,1411.026879
HolUp,1410.532633
Unexpected,1408.949622
Hololive,1408.943793
Wellthatsucks,1408.840896
PERSoNA,1407.203543
funny,1403.25919
JoeRogan,1402.05926
JuJutsuKaisen,1401.925523
WTF,1397.583328
dankmemes,1397.466754
comics,1395.169544
Overwatch,1389.371464
Jujutsufolk,1387.647925
leagueoflegends,1375.033231
Minecraft,1364.696425
shitposting,1358.033081